timestamp,open,high,low,close,volume
2026-03-12 15:59:00-04:00,255.76499938964844,255.85000610351562,255.61500549316406,255.75,1014033.0
2026-03-12 15:59:00-04:00,255.76499938964844,255.85000610351562,255.61500549316406,255.75,1014033.0
2026-03-12 15:59:00-04:00,255.76499938964844,255.85000610351562,255.61500549316406,255.75,1014033.0
2026-03-12 15:59:00-04:00,255.76499938964844,255.85000610351562,255.61500549316406,255.75,1014033.0
2026-03-12 15:59:00-04:00,255.76499938964844,255.85000610351562,255.61500549316406,255.75,1014033.0
2026-03-12 15:59:00-04:00,255.76499938964844,255.85000610351562,255.61500549316406,255.75,1014033.0
2026-03-12 15:59:00-04:00,255.76499938964844,255.85000610351562,255.61500549316406,255.75,1014033.0
2026-03-12 15:59:00-04:00,255.76499938964844,255.85000610351562,255.61500549316406,255.75,1014033.0
2026-03-12 15:59:00-04:00,255.76499938964844,255.85000610351562,255.61500549316406,255.75,1014033.0
